{
  "norm_stats": {
    "state": {
      "mean": [
        0.00699752289801836,
        0.29486697912216187,
        -0.0033056973479688168,
        -2.178706645965576,
        0.002054863143712282,
        2.472632884979248,
        0.8133137226104736,
        0.023638619109988213
      ],
      "std": [
        0.14804697036743164,
        0.2897917628288269,
        0.1074451431632042,
        0.41963958740234375,
        0.06907400488853455,
        0.32025817036628723,
        0.4986364245414734,
        0.016430899500846863
      ],
      "q01": [
        -0.3446495079994202,
        -0.227881439268589,
        -0.28122754330635075,
        -2.8612562079429624,
        -0.20585966855287552,
        1.5707963705062866,
        -0.4454137334823609,
        0.0
      ],
      "q99": [
        0.3873456451892854,
        0.9841143531560899,
        0.27423017444610587,
        -1.16849044213295,
        0.2086474105715751,
        3.0545157860517502,
        2.123858193540573,
        0.03999199910610914
      ]
    },
    "actions": {
      "mean": [
        0.0005329520790837705,
        0.010112399235367775,
        -0.0003932886174879968,
        -0.018569715321063995,
        0.00001354213964077644,
        0.028263401240110397,
        0.0007808147347532213,
        -0.10523440688848495
      ],
      "std": [
        0.05542371794581413,
        0.13422459363937378,
        0.037344180047512054,
        0.13902795314788818,
        0.038089897483587265,
        0.14357660710811615,
        0.11459627002477646,
        0.9944474101066589
      ],
      "q01": [
        -0.1820768599510193,
        -0.3191569724082947,
        -0.1315564001083374,
        -0.5318607351779938,
        -0.12757824168205267,
        -0.29266590750217436,
        -0.4034790820121765,
        -1.0
      ],
      "q99": [
        0.19524771685600284,
        0.37690146112442013,
        0.11730474262237545,
        0.4140658056735993,
        0.12607863636016847,
        0.5215455795764923,
        0.41781683702468886,
        0.9996
      ]
    }
  }
}